{
    "data": [
        {
            "id" : "01f4e11442867022",
            "creator" : "4f2ede53e0e08e6f",
            "description" : "",
            "execution" : "Any",
            "execution-state" : {
                "ParticipantList" : [ ]
            },
            "input" : "873ae7a00c767a57",
            "maximum" : 9223372036854775807,
            "minimum" : 0,
            "name" : "/offer/buyback/midwest4",
            "object-type" : "SellOffer",
            "output" : "2ad026fdc65c7d02",
            "ratio" : 25,
            "fqname" : "//immxleague/offer/buyback/midwest4"
        },
        {
            "id" : "0448ee05c78306db",
            "creator" : "4f2ede53e0e08e6f",
            "description" : "",
            "execution" : "Any",
            "execution-state" : {
                "ParticipantList" : [ ]
            },
            "input" : "dd994a04101aa8dc",
            "maximum" :9223372036854775807,
            "minimum" : 0,
            "name" : "/offer/buyback/west2",
            "object-type" : "SellOffer",
            "output" : "2ad026fdc65c7d02",
            "ratio" : 25,
            "fqname" : "//immxleague/offer/buyback/west2"
        },
        {
            "id" : "0b89652e39a8e1e1",
            "creator" : "de53e0e08e6fc333",
            "description" : "",
            "execution" : "ExecuteOnce",
            "execution-state" : {
                "ParticipantList" : [ ]
            },
            "input" : "25657debf1e87c22",
            "minimum" : 0,
            "name" : "/offer/buyback/east13",
            "object-type" : "SellOffer",
            "output" : "2ad026fdc65c7d02",
            "ratio" : 25,
            "fqname" : "//immxleague/offer/buyback/east13"
        },
        {
            "id" : "0c9fd266e7973144",
            "creator" : "4f2ede53e0e08e6f",
            "description" : "",
            "execution" : "ExecuteOncePerParticipant",
            "execution-state" : {
                "ParticipantList" : [ "61b4746fd90b7cb2" ]
            },
            "input" : "2dd72b0ca21d8c9c",
            "maximum" : 9223372036854775807,
            "minimum" : 0,
            "name" : "/offer/buyback/east9",
            "object-type" : "SellOffer",
            "output" : "2ad026fdc65c7d02",
            "ratio" : 25,
            "fqname" : "//immxleague/offer/buyback/east9"
        },
        {
             "id" : "873ae7a00c767a57",
             "account" : "ad64abb69a054f53",
             "asset" : "c6cb5a1eb07af614",
             "count" : 0,
             "creator" : "4f2ede53e0e08e6f",
             "description" : "",
             "name" : "/market/holding/teamstock/midwest4",
             "object-type" : "Holding",
             "fqname" : "//immxleague/market/holding/teamstock/midwest4"
        },
        {
            "id" : "dd994a04101aa8dc",
            "account" : "ad64abb69a054f53",
            "asset" : "146f021b9761b375",
            "count" : 0,
            "creator" : "4f2ede53e0e08e6f",
            "description" : "",
            "name" : "/market/holding/teamstock/west2",
            "object-type" : "Holding",
            "fqname" : "//immxleague/market/holding/teamstock/west2"
        },
        {
            "id" : "2dd72b0ca21d8c9c",
            "account" : "ad64abb69a054f53",
            "asset" : "05d231e590e833c4",
            "count" : 0,
            "creator" : "4f2ede53e0e08e6f",
            "description" : "",
            "name" : "/market/holding/teamstock/east9",
            "object-type" : "Holding",
            "fqname" : "//immxleague/market/holding/teamstock/east9"
        },
        {
            "id" : "25657debf1e87c22",
            "account" : "ad64abb69a054f53",
            "asset" : "8b0c0706d1a97f6c",
            "count" : 0,
            "creator" : "4f2ede53e0e08e6f",
            "description" : "",
            "name" : "/market/holding/teamstock/east13",
            "object-type" : "Holding",
            "fqname" : "//immxleague/market/holding/teamstock/east13"
        },
        {
            "id" : "2ad026fdc65c7d02",
            "account" : "ad64abb69a054f53",
            "asset" : "d235fa3207d73f17",
            "count" : 98000000,
            "creator" : "4f2ede53e0e08e6f",
            "description" : "",
            "name" : "/market/holding/currency/mikel",
            "object-type" : "Holding",
            "fqname" : "//immxleague/market/holding/currency/mikel"
        },
        {
            "id" : "d235fa3207d73f17",
            "asset-type" : "70afa6a11ed3bb45",
            "consumable" : true,
            "creator" : "4f2ede53e0e08e6f",
            "description" : "",
            "divisible" : false,
            "name" : "/asset/currency/mikel",
            "object-type" : "Asset",
            "restricted" : true,
            "fqname" : "//immxleague/asset/currency/mikel"
        },
        {
            "id" : "c6cb5a1eb07af614",
            "asset-type" : "50d3dc7b9bed498c",
            "consumable" : true,
            "creator" : "4f2ede53e0e08e6f",
            "description" : "",
            "divisible" : false,
            "name" : "/asset/team/midwest4",
            "object-type" : "Asset",
            "restricted" : true,
            "fqname" : "//immxleague/asset/team/midwest4"
        },
        {
            "id" : "146f021b9761b375",
            "asset-type" : "50d3dc7b9bed498c",
            "consumable" : true,
            "creator" : "4f2ede53e0e08e6f",
            "description" : "",
            "divisible" : false,
            "name" : "/asset/team/west2",
            "object-type" : "Asset",
            "restricted" : true,
            "fqname" : "//immxleague/asset/team/west2"
        },
        {
            "id" : "05d231e590e833c4",
            "asset-type" : "50d3dc7b9bed498c",
            "consumable" : true,
            "creator" : "4f2ede53e0e08e6f",
            "description" : "",
            "divisible" : false,
            "name" : "/asset/team/east9",
            "object-type" : "Asset",
            "restricted" : true,
            "fqname" : "//immxleague/asset/team/east9"
        },
        {
            "id" : "8b0c0706d1a97f6c",
            "asset-type" : "50d3dc7b9bed498c",
            "consumable" : true,
            "creator" : "4f2ede53e0e08e6f",
            "description" : "",
            "divisible" : false,
            "name" : "/asset/team/east13",
            "object-type" : "Asset",
            "restricted" : true,
            "fqname" : "//immxleague/asset/team/east13"
        },
        {
            "id" : "50d3dc7b9bed498c",
            "creator" : "4f2ede53e0e08e6f",
            "description" : "Team stock asset type",
            "name" : "/asset-type/teamstock",
            "object-type" : "AssetType",
            "restricted" : true,
            "fqname" : "//immxleague/asset-type/teamstock"
        },
        {
            "id" : "70afa6a11ed3bb45",
            "creator" : "4f2ede53e0e08e6f",
            "description" : "Currency asset type",
            "name" : "/asset-type/currency",
            "object-type" : "AssetType",
            "restricted" : true,
            "fqname" : "//immxleague/asset-type/currency"
        },
        {
            "id" : "991ba2e592243d51",
            "creator": "4f2ede53e0e08e6f",
            "object-type": "Holding"
        }
    ]
}
